<?xml version="1.0" encoding="UTF-8"?>
		<rss xmlns:atom="http://www.w3.org/2005/Atom" xmlns:media="http://search.yahoo.com/mrss/" version="2.0">
		<channel>
		   <atom:link type="application/rss+xml" rel="self" href="https://www.hindustantimes.com/rss/topnews/rssfeed.xml"/>
			<title>Hindustan Times  - topnews</title> 
			<link>https://www.hindustantimes.com/</link>
			<description>
			<![CDATA[News Headlines: Hindustan Times provides exclusive top stories of the day, today headlines from politics, business, technology, photos, videos, latest English news and much more]]>
					 </description>
			 <language>en-US</language>
			<copyright>
			Copyright (C) 2019 HT Media Limited. All Rights Reserved.
			</copyright>
			
			 <docs>https://www.hindustantimes.com/</docs>
			<image>
				<title>Hindustan Times  - topnews</title>
				<link>https://www.hindustantimes.com/</link>
				<url>
				https://www.hindustantimes.com/res/img/app-images/HomePageV1/HT-Logo.gif
				</url>
				
			</image>
			<item>
		<title><![CDATA['Can't breathe': Donald Trump blames India for climate change, says US 'cleanes...]]></title>
	    
	    <description><![CDATA[In meeting with Prince Charles, Trump blames India, China for climate change]]></description>
		<link><![CDATA[https://www.hindustantimes.com/world-news/can-t-breathe-donald-trump-blames-india-for-climate-change-says-us-cleanest/story-tQx3UluXwJQ0yzjSetEaxL.html]]></link>
		<guid><![CDATA[https://www.hindustantimes.com/world-news/can-t-breathe-donald-trump-blames-india-for-climate-change-says-us-cleanest/story-tQx3UluXwJQ0yzjSetEaxL.html]]></guid>
		<pubDate><![CDATA[Wed, 05 Jun 2019 05:34:06 GMT]]> </pubDate>
		<media:content url="https://www.hindustantimes.com/rf/image_size_630x354/HT/p2/2019/06/05/Pictures/us-politics-trump-departs_e45b7694-878d-11e9-9370-840d0e5b15b9.jpg" medium="image" height="640" width="362"/>
		</item><item>
		<title><![CDATA[India vs South Africa Live Score, ICC World Cup 2019 match at Southampton: Rohit...]]></title>
	    
	    <description><![CDATA[India vs South Africa Live Score, ICC World Cup 2019: Follow live updates of India vs South Africa ICC Cricket World Cup match at Southampton on Wednesday.]]></description>
		<link><![CDATA[https://www.hindustantimes.com/cricket/india-vs-south-africa-icc-cricket-world-cup-2019-live-score-at-southampton/story-puVRiSPkZXshxd2Fv9MPbJ.html]]></link>
		<guid><![CDATA[https://www.hindustantimes.com/cricket/india-vs-south-africa-icc-cricket-world-cup-2019-live-score-at-southampton/story-puVRiSPkZXshxd2Fv9MPbJ.html]]></guid>
		<pubDate><![CDATA[Wed, 05 Jun 2019 05:22:27 GMT]]> </pubDate>
		<media:content url="https://www.hindustantimes.com/rf/image_size_630x354/HT/p2/2019/06/05/Pictures/rohit-sharma-ms-dhoni_75e03e92-87b6-11e9-9370-840d0e5b15b9.jpg" medium="image" height="640" width="362"/>
		</item><item>
		<title><![CDATA[To focus on jobs and growth, PM Modi sets up 2 new cabinet committees]]></title>
	    
	    <description><![CDATA[Economy has become a major cause of concern for the new government with GDP dropping to 5.8 per cent in the last quarter of the 2018-19, according to NSSO figures. Overall GDP for last financial year has been estimated at 6.8 per cent against a target of 7.2 per cent. ]]></description>
		<link><![CDATA[https://www.hindustantimes.com/india-news/pm-modi-sets-up-2-new-cabinet-committees-to-spur-employment-growth/story-JmmjgBjCe1Vb5bfl05CLNP.html]]></link>
		<guid><![CDATA[https://www.hindustantimes.com/india-news/pm-modi-sets-up-2-new-cabinet-committees-to-spur-employment-growth/story-JmmjgBjCe1Vb5bfl05CLNP.html]]></guid>
		<pubDate><![CDATA[Wed, 05 Jun 2019 05:18:13 GMT]]> </pubDate>
		<media:content url="https://www.hindustantimes.com/rf/image_size_630x354/HT/p2/2019/06/05/Pictures/narendra-modi-cabinet-meeting_8f184f90-87b5-11e9-ab40-33c30d629efb.jpg" medium="image" height="640" width="362"/>
		</item><item>
		<title><![CDATA[Bharat movie review: Salman Khan, Katrina Kaif deliver an emotional Eid enterta...]]></title>
	    
	    <description><![CDATA[Bharat movie review: This Salman Khan, Katrina Kaif Eid release is epic in its scale - starting from Partition, touching on Pandit Nehru’s era, it fast forwards us to 2010 with Amitabh Bachchan, Shah Rukh Khan and Manmohan Singh as reference points. Rating: 3/5.]]></description>
		<link><![CDATA[https://www.hindustantimes.com/bollywood/bharat-movie-review-salman-khan-katrina-kaif-deliver-an-eid-entertainer/story-hKdFAnPahxlATb31WvineL.html]]></link>
		<guid><![CDATA[https://www.hindustantimes.com/bollywood/bharat-movie-review-salman-khan-katrina-kaif-deliver-an-eid-entertainer/story-hKdFAnPahxlATb31WvineL.html]]></guid>
		<pubDate><![CDATA[Wed, 05 Jun 2019 04:09:26 GMT]]> </pubDate>
		<media:content url="https://www.hindustantimes.com/rf/image_size_630x354/HT/p2/2019/06/05/Pictures/_91e75788-8770-11e9-9370-840d0e5b15b9.jpg" medium="image" height="640" width="362"/>
		</item><item>
		<title><![CDATA[After Eid prayers, Nitish Kumar stings Giriraj Singh for Iftar taunt]]></title>
	    
	    <description><![CDATA[Speaking after offering prayers at a mosque on the occasion of Eid-Ul-Fitr, Nitish Kumar told reporters that some people were prone to make unnecessary comments to stay in the headlines.]]></description>
		<link><![CDATA[https://www.hindustantimes.com/india-news/such-people-have-no-religion-nitish-kumar-roasts-giriraj-over-iftar-taunt/story-T3iysw98TGhgZoVCPQsKxH.html]]></link>
		<guid><![CDATA[https://www.hindustantimes.com/india-news/such-people-have-no-religion-nitish-kumar-roasts-giriraj-over-iftar-taunt/story-T3iysw98TGhgZoVCPQsKxH.html]]></guid>
		<pubDate><![CDATA[Wed, 05 Jun 2019 03:12:13 GMT]]> </pubDate>
		<media:content url="https://www.hindustantimes.com/rf/image_size_630x354/HT/p2/2019/06/05/Pictures/eid-celebrations-in-patna_7a26c2a0-8775-11e9-8812-e0f6aa62d95d.jpg" medium="image" height="640" width="362"/>
		</item><item>
		<title><![CDATA[After Jai Shri Ram, Jai Ma Kali is now caught in Bengal's slogan war]]></title>
	    
	    <description><![CDATA[Going a step further, Mamata’s party leaders asked in public if BJP leaders would chant Jai Ma Kali in praise of one of Bengal’s most popular deities. Their contention was that the BJP was importing north Indian culture to Bengal. ]]></description>
		<link><![CDATA[https://www.hindustantimes.com/india-news/after-jai-shri-ram-jai-maa-kaali-is-now-caught-in-bengal-s-slogan-war/story-h2OScK6XR8oQhn0lMqy8OM.html]]></link>
		<guid><![CDATA[https://www.hindustantimes.com/india-news/after-jai-shri-ram-jai-maa-kaali-is-now-caught-in-bengal-s-slogan-war/story-h2OScK6XR8oQhn0lMqy8OM.html]]></guid>
		<pubDate><![CDATA[Wed, 05 Jun 2019 02:30:46 GMT]]> </pubDate>
		<media:content url="https://www.hindustantimes.com/rf/image_size_630x354/HT/p2/2019/06/05/Pictures/_ff891146-8798-11e9-8812-e0f6aa62d95d.png" medium="image" height="640" width="362"/>
		</item><item>
		<title><![CDATA[ICC&thinsp;World Cup 2019:&thinsp;MS&thinsp;Dhoni is faster than a computer - Shoaib Akhtar]]></title>
	    
	    <description><![CDATA[In a video posted by Shoaib Akhtar on his Twitter handle, he praised MS Dhoni’s cricketing sense and said that he is even faster than a computer. ]]></description>
		<link><![CDATA[https://www.hindustantimes.com/cricket/icc-world-cup-2019-ms-dhoni-is-faster-than-a-computer-shoaib-akhtar/story-RPKCpXywpbbbYPNIu82lkN.html]]></link>
		<guid><![CDATA[https://www.hindustantimes.com/cricket/icc-world-cup-2019-ms-dhoni-is-faster-than-a-computer-shoaib-akhtar/story-RPKCpXywpbbbYPNIu82lkN.html]]></guid>
		<pubDate><![CDATA[Wed, 05 Jun 2019 02:01:47 GMT]]> </pubDate>
		<media:content url="https://www.hindustantimes.com/rf/image_size_630x354/HT/p2/2019/06/05/Pictures/cricket-wc-2019-ind-training_686f59e4-879a-11e9-ab40-33c30d629efb.jpg" medium="image" height="640" width="362"/>
		</item><item>
		<title><![CDATA[EPS steps on landmine with request to PM Modi on Tamil, deletes tweet]]></title>
	    
	    <description><![CDATA[No sooner than the CM posted his tweet, he had to face a barrage of criticism from the opposition and pro-Tamil groups.]]></description>
		<link><![CDATA[https://www.hindustantimes.com/india-news/palaniswami-tweets-a-row-over-tamil-as-3rd-option-demand-deletes-request/story-fZWFCREyyz14V13gw0ET8O.html]]></link>
		<guid><![CDATA[https://www.hindustantimes.com/india-news/palaniswami-tweets-a-row-over-tamil-as-3rd-option-demand-deletes-request/story-fZWFCREyyz14V13gw0ET8O.html]]></guid>
		<pubDate><![CDATA[Wed, 05 Jun 2019 01:29:17 GMT]]> </pubDate>
		<media:content url="https://www.hindustantimes.com/rf/image_size_630x354/HT/p2/2019/06/05/Pictures/swearing-in-ceremony-of-new-tn-cm_66efce08-878d-11e9-8812-e0f6aa62d95d.jpg" medium="image" height="640" width="362"/>
		</item><item>
		<title><![CDATA[Fancied India must begin well in tricky World Cup]]></title>
	    
	    <description><![CDATA[Given its top order and bowling, it will be a shock if  the team doesn’t reach the semis.]]></description>
		<link><![CDATA[https://www.hindustantimes.com/editorials/fancied-india-must-begin-well-in-tricky-world-cup/story-HGw0w5CUazeE8tULOKjwTN.html]]></link>
		<guid><![CDATA[https://www.hindustantimes.com/editorials/fancied-india-must-begin-well-in-tricky-world-cup/story-HGw0w5CUazeE8tULOKjwTN.html]]></guid>
		<pubDate><![CDATA[Wed, 05 Jun 2019 02:18:23 GMT]]> </pubDate>
		<media:content url="https://www.hindustantimes.com/rf/image_size_630x354/HT/p2/2019/06/04/Pictures/india-v-australia-3rd-odi-at-indore_ad261a8e-8699-11e9-ab40-33c30d629efb.JPG" medium="image" height="640" width="362"/>
		</item><item>
		<title><![CDATA[Narendra Modi's second innings won't be easy | Opinion]]></title>
	    
	    <description><![CDATA[He needs committed and capable colleagues to support him in realising his vision for India]]></description>
		<link><![CDATA[https://www.hindustantimes.com/columns/narendra-modi-s-second-innings-won-t-be-easy/story-c6URLGk9rfyWcAuyTmG1PJ.html]]></link>
		<guid><![CDATA[https://www.hindustantimes.com/columns/narendra-modi-s-second-innings-won-t-be-easy/story-c6URLGk9rfyWcAuyTmG1PJ.html]]></guid>
		<pubDate><![CDATA[Mon, 03 Jun 2019 02:18:00 GMT]]> </pubDate>
		<media:content url="https://www.hindustantimes.com/rf/image_size_630x354/HT/p2/2019/06/02/Pictures/swearing-in-ceremony-of-the-modi-government_aef162c0-853f-11e9-9324-f283958e02d5.jpg" medium="image" height="640" width="362"/>
		</item><item>
		<title><![CDATA[The economy needs urgent attention from the new government]]></title>
	    
	    <description><![CDATA[The popular mandate of the elections is not reflected in the economics statistics]]></description>
		<link><![CDATA[https://www.hindustantimes.com/editorials/the-economy-needs-urgent-attention-from-the-new-government/story-xewSZHc9ChAdEeOIgpg9HM.html]]></link>
		<guid><![CDATA[https://www.hindustantimes.com/editorials/the-economy-needs-urgent-attention-from-the-new-government/story-xewSZHc9ChAdEeOIgpg9HM.html]]></guid>
		<pubDate><![CDATA[Sun, 02 Jun 2019 01:46:50 GMT]]> </pubDate>
		<media:content url="https://www.hindustantimes.com/rf/image_size_630x354/HT/p2/2019/06/01/Pictures/world-book-fair_96302c96-847a-11e9-9324-f283958e02d5.jpg" medium="image" height="640" width="362"/>
		</item><item>
		<title><![CDATA[S Jaishankar's entry marks the era of the expert]]></title>
	    
	    <description><![CDATA[His role becomes important as India faces unusual foreign policy challenges  ]]></description>
		<link><![CDATA[https://www.hindustantimes.com/editorials/s-jaishankar-s-entry-marks-the-era-of-the-expert/story-nHnaJrGlwUp8PlScDYKu1O.html]]></link>
		<guid><![CDATA[https://www.hindustantimes.com/editorials/s-jaishankar-s-entry-marks-the-era-of-the-expert/story-nHnaJrGlwUp8PlScDYKu1O.html]]></guid>
		<pubDate><![CDATA[Sun, 02 Jun 2019 01:44:31 GMT]]> </pubDate>
		<media:content url="https://www.hindustantimes.com/rf/image_size_630x354/HT/p2/2019/06/01/Pictures/swearing-in-ceremony-of-the-modi-government_8b4f3854-8479-11e9-9324-f283958e02d5.jpg" medium="image" height="640" width="362"/>
		</item><item>
		<title><![CDATA[Neighbourhood first: Capacity needs to match the commitment]]></title>
	    
	    <description><![CDATA[Failure to deliver on commitments has begun to affect New Delhi’s reputation and, in some cases, perversely incentivised neighbours to further deepen their outreach to China]]></description>
		<link><![CDATA[https://www.hindustantimes.com/analysis/neighbourhood-first-capacity-needs-to-match-the-commitment/story-R0jKdljegs8gBmWoU8VNqM.html]]></link>
		<guid><![CDATA[https://www.hindustantimes.com/analysis/neighbourhood-first-capacity-needs-to-match-the-commitment/story-R0jKdljegs8gBmWoU8VNqM.html]]></guid>
		<pubDate><![CDATA[Sun, 02 Jun 2019 01:37:06 GMT]]> </pubDate>
		<media:content url="https://www.hindustantimes.com/rf/image_size_630x354/HT/p2/2019/05/31/Pictures/swearing-in-ceremony-of-the-modi-government_ce45c1ce-837e-11e9-9ece-2ab1fd7d8c60.jpg" medium="image" height="640" width="362"/>
		</item><item>
		<title><![CDATA[Don't blame Boeing; flying has become dangerous]]></title>
	    
	    <description><![CDATA[The reality is that safety, whether it be the training of pilots or add-on features in planes, costs money and there’s a limit to how much the industry can spend safeguarding human life]]></description>
		<link><![CDATA[https://www.hindustantimes.com/analysis/don-t-blame-boeing-flying-has-become-dangerous/story-hiKawHEqdUey6YP42aAdxN.html]]></link>
		<guid><![CDATA[https://www.hindustantimes.com/analysis/don-t-blame-boeing-flying-has-become-dangerous/story-hiKawHEqdUey6YP42aAdxN.html]]></guid>
		<pubDate><![CDATA[Sat, 01 Jun 2019 12:50:26 GMT]]> </pubDate>
		<media:content url="https://www.hindustantimes.com/rf/image_size_630x354/HT/p2/2019/06/01/Pictures/airplanes-aerial-boeing-factory-boeing-parked-tarmac_03d1da28-845e-11e9-9324-f283958e02d5.jpg" medium="image" height="640" width="362"/>
		</item><item>
		<title><![CDATA[Car ownership must become a relic of the past]]></title>
	    
	    <description><![CDATA[Millennials are making wiser choices for society’s benefit. It is high time Indian cities join the likes of London, Singapore and New York to further discourage private car ownership]]></description>
		<link><![CDATA[https://www.hindustantimes.com/analysis/car-ownership-must-become-a-relic-of-the-past/story-KFcugrkhTdrtYWktNuqfYL.html]]></link>
		<guid><![CDATA[https://www.hindustantimes.com/analysis/car-ownership-must-become-a-relic-of-the-past/story-KFcugrkhTdrtYWktNuqfYL.html]]></guid>
		<pubDate><![CDATA[Sat, 01 Jun 2019 12:46:48 GMT]]> </pubDate>
		<media:content url="https://www.hindustantimes.com/rf/image_size_630x354/HT/p2/2019/06/01/Pictures/traffic_2c9c36f0-8464-11e9-9324-f283958e02d5.jpg" medium="image" height="640" width="362"/>
		</item></channel>
		</rss>
		